{
    "$schema": "https://schema.management.azure.com/schemas/2015-01-01/deploymentParameters.json#",
    "contentVersion": "1.0.0.0",
    "parameters": {
        "factoryName": {
            "value": "adfdatafactorypipeline2"
        },
        "linkedservice_blobstorage_connectionString": {
            "value": ""
        },
        "HttpServer1_properties_typeProperties_url": {
            "value": "https://drive.google.com/file/d/1c8iunrbXFaf3MyIwYkf4UTLSZoKjTKgt/view?usp=drive_link"
        },
        "containerUri": {
            "value": ""
        },
        "containerSasToken": {
            "value": ""
        }
    }
}